2283.3333333333335,1.3934954656040945,58.52680955537196,2283.3333333333335,0.0,1
1759.3333333333333,0.04352106054551718,8.897356753552778,1759.3333333333333,0.0,1
1615.3333333333333,0.17376980502715783,7.298331811140629,1615.3333333333333,0.0,1
1767.0,0.013733465175024558,3.3097651071809175,1767.0,0.0,1
1740.3333333333333,0.05533184621480872,11.314256280975826,1740.6666666666667,0.0,1
1628.3333333333333,0.014304702214495745,0.6007974930088213,1628.6666666666667,0.0,1
1620.3333333333333,0.1712679541440146,36.527075247755455,1623.3333333333333,0.0012320328542094457,1
1743.3333333333333,0.04371190323829604,8.977368508352258,1744.0,0.0,1
1763.3333333333333,0.013741242503177528,3.119262048221298,1765.0,0.0,1
1774.6666666666667,0.0,0.0,1775.0,0.0,1
1640.0,0.32213547858696273,68.33641328633584,1640.3333333333333,0.0,1
1654.0,0.18437486697354985,41.540698443437726,1655.0,0.0004028197381671702,1
1647.6666666666667,0.10907454878932088,22.45573332270296,1651.0,0.0012113870381586917,1
1688.3333333333333,0.05785557614298077,11.268067939182593,1691.3333333333333,0.00039416633819471815,1
1661.6666666666667,0.014150628265696531,0.5943263871592542,1664.3333333333333,0.0004005607850991388,1
1720.0,0.031120196106047437,6.429007653345949,1720.3333333333333,0.0,1
1735.0,0.06787679931699651,14.208001147020624,1735.0,0.0,1
1775.6666666666667,0.030631641251943034,6.738217577624401,1775.6666666666667,0.0,1
1799.0,0.0,0.0,1799.3333333333333,0.0,1
1676.0,0.050803721630547936,10.353983771279529,1677.6666666666667,0.0007947546195112259,1
1733.3333333333333,0.05880342309905197,13.463415322540975,1734.0,0.0,1
1765.0,0.045564766361425056,10.430503251666785,1765.3333333333333,0.0,1
1797.6666666666667,0.05443813123493791,11.011331786137472,1798.3333333333333,0.0,1
1771.0,0.013717950053294634,1.3443591052228745,1771.0,0.0,1
1786.3333333333333,0.0236469806631511,0.9931731878523462,1787.3333333333333,0.0,1
1743.3333333333333,0.03091134543427379,7.12249012149354,1743.6666666666667,0.0,1
1781.0,0.16973037784011547,36.3292419326994,1781.3333333333333,0.0,1
1697.6666666666667,0.1407460468363362,24.725838823095486,1698.3333333333333,0.0,1
1749.6666666666667,0.07427400881776852,15.804035273510303,1750.3333333333333,0.00038087983241287375,1
1722.0,0.013911717854301935,1.3633483497215897,1722.0,0.0,1
1738.6666666666667,0.07193454898887269,4.347716405507055,1738.6666666666667,0.0,1
1756.3333333333333,0.041317453415780386,9.089839751471686,1757.0,0.0,1
1795.3333333333333,0.03046063447635117,6.09624709417577,1795.6666666666667,0.0,1
1647.0,0.11980787710954849,25.18503502324057,1648.0,0.0,1
1673.3333333333333,0.18326770509468976,37.12762797765329,1676.0,0.0007955449482895784,1
1758.0,0.04562897029615671,9.32633441941389,1758.6666666666667,0.000758150113722517,1
1797.6666666666667,0.2338057056562118,56.09790351944357,1798.3333333333333,0.0007414272474513438,1
1764.0,0.02746952095872211,6.510276467217139,1766.6666666666667,0.0003773584905660377,1
1701.6666666666667,0.2844121117993101,59.42941440661817,1704.0,0.000782472613458529,1
1693.3333333333333,0.14159285212354913,30.9403528530787,1694.0,0.0007870916961826052,1
1747.3333333333333,0.03903412983247348,5.878485188420956,1748.6666666666667,0.0003812428516965307,1
1702.0,0.027980922976825164,6.099841208947889,1702.6666666666667,0.0,1
1665.0,0.044732094247807205,9.900705626352977,1665.3333333333333,0.0,1
1555.3333333333333,0.05276231286403649,11.654497555081251,1555.3333333333333,0.0,1
1637.6666666666667,0.028527796351444944,6.532865364480892,1638.0,0.0,1
1710.6666666666667,0.0,0.0,1712.6666666666667,0.0,1
1703.3333333333333,0.03127199391836478,7.287421550550201,1703.6666666666667,0.0,1
1485.0,0.02118092498024581,3.841210175724233,1485.3333333333333,0.0,1
1609.3333333333333,0.19882157149928298,38.77681180075795,1609.6666666666667,0.0,1
1508.3333333333333,0.14931453246748028,33.574374786497785,1509.6666666666667,0.0,1
1652.0,0.08023194430738499,16.49469087163474,1655.0,0.0012084592145015106,1
1477.6666666666667,0.13679486506582575,31.553298811700415,1478.0,0.0,1
1543.6666666666667,0.029380012134122262,6.669262754445755,1544.3333333333333,0.0,1
1522.3333333333333,0.28446779097582625,56.85553021764775,1523.6666666666667,0.0,1
1499.3333333333333,0.1298668559078509,25.81868376102239,1500.6666666666667,0.000888494002665482,1
1697.0,0.031330262274225265,6.081791889747413,1697.3333333333333,0.0,1
1709.6666666666667,0.11505213005561622,22.663721963426795,1711.6666666666667,0.0007789678675754625,1
1557.0,0.04387165253938965,9.169175380732433,1558.3333333333333,0.0,1
1679.0,0.0,0.0,1680.6666666666667,0.0,1
1634.6666666666667,0.14272612501141171,28.545225002282343,1636.0,0.0,1
1665.3333333333333,0.03464563094222387,8.066684239866376,1665.3333333333333,0.0,1
1651.3333333333333,0.04017716691037458,8.80725412901914,1651.3333333333333,0.0,1
1706.6666666666667,0.02419197093082907,4.106505480259761,1707.6666666666667,0.0,1
1475.3333333333333,0.2619282372733944,54.134106333777204,1479.6666666666667,0.003604415408875873,1
1651.0,0.03756875754473231,7.039840385291232,1652.0,0.0,1
1545.6666666666667,0.014678923451601574,3.3321156235135576,1546.6666666666667,0.0,1
1490.3333333333333,0.021140654790018466,3.8615547659157357,1491.0,0.0,1
1515.6666666666667,0.02964671424864571,6.670510705945285,1516.6666666666667,0.0,1
1469.3333333333333,0.04258693844058458,8.882466869408388,1469.6666666666667,0.0,1
1509.0,0.06643234700434766,14.56216356529452,1510.0,0.0004415011037527594,1
1515.0,0.07411804830453605,15.022754683059242,1515.3333333333333,0.0,1
1521.6666666666667,0.04185327490407183,8.625432539481121,1521.6666666666667,0.0,1
1539.3333333333333,0.062385023551224224,12.646605802346148,1541.0,0.00043261951113995244,1
1675.6666666666667,0.06757692957276025,14.91961879905998,1677.6666666666667,0.0,1
1655.0,0.042546646253094705,9.486391177904002,1656.3333333333333,0.0,1
1505.3333333333333,0.22509655465437445,46.339077361951624,1506.0,0.0,1
1556.0,0.014630143064243106,0.6144660086982104,1557.0,0.0,1
1708.3333333333333,0.027926315350925185,5.4456314934304135,1709.3333333333333,0.0,1
1585.6666666666667,0.032397254764802465,5.769980415506028,1587.3333333333333,0.00041999160016799666,1
1775.6666666666667,0.07114136317519089,15.287069588712697,1777.6666666666667,0.0003750234389649353,1
1798.0,0.0,0.0,1798.3333333333333,0.0,1
1778.0,0.013690924657112689,0.5750188355987328,1778.0,0.0,1
1805.0,0.05920610346125985,12.716886530844498,1805.3333333333333,0.0,1
1750.0,0.04974748462627595,10.038858015987808,1750.3333333333333,0.0,1
1710.0,0.01973534582057912,0.8288845244643229,1711.0,0.0,1
1788.0,0.04093573616689615,8.361608580486461,1789.3333333333333,0.0,1
1658.6666666666667,0.02003609587673321,3.947110887716441,1660.0,0.00040160642570281126,1
1778.0,0.08208057219120747,17.400391700594092,1779.3333333333333,0.0007493443237167478,1
1798.6666666666667,0.045127453956612315,9.355633957949625,1799.0,0.00037057624606262737,1
1448.3333333333333,0.0,0.0,1449.3333333333333,0.0,1
1655.3333333333333,0.020056234679077845,2.8429234682732907,1656.6666666666667,0.0,1
1745.3333333333333,0.1977854280500556,47.09911740073505,1746.3333333333333,0.0,1
1750.0,0.019510568861309217,4.392653010236284,1750.6666666666667,0.0,1
1830.0,0.0,0.0,1831.0,0.0003640997633351538,1
1849.6666666666667,0.032874857870045585,6.428309067091127,1849.6666666666667,0.0,1
1619.6666666666667,0.2568258520979009,58.99479174496113,1621.3333333333333,0.00041118421052631577,1
1777.0,0.19365012998355569,40.610382270680034,1777.3333333333333,0.0,1
1719.0,0.07737978660648262,16.874091474684235,1722.6666666666667,0.0023219814241486067,1
1709.6666666666667,0.03948222659234982,9.06136461668595,1710.0,0.0,1
1439.6666666666667,0.1570904476811447,32.96912200526479,1443.6666666666667,0.0018471484645578389,1
1675.3333333333333,0.2031787503472757,43.859876324069276,1677.6666666666667,0.0015895092390224518,1
1547.6666666666667,0.0,0.0,1548.6666666666667,0.0,1
1634.6666666666667,0.01426680117707409,3.2670974695499666,1637.3333333333333,0.00040716612377850165,1
1474.0,0.0,0.0,1476.0,0.0,1
1601.3333333333333,0.23516621520204484,49.15850490399097,1602.0,0.0,1
1558.3333333333333,0.13626920818846294,27.79411288147045,1560.3333333333333,0.0004272591326639607,1
1652.3333333333333,0.24325798041512378,53.3603362236702,1655.6666666666667,0.0,1
1472.3333333333333,0.030055653722123148,7.213356893309554,1475.6666666666667,0.0,1
1440.0,0.22752522873741565,50.390383152042126,1441.3333333333333,0.00046253469010175765,1
1515.0,0.09938972891409831,21.313101650362327,1516.3333333333333,0.00043965706748735987,1
1593.6666666666667,0.059531940382615375,12.000948223492045,1597.3333333333333,0.0008347245409015025,1
1479.6666666666667,0.17736528368433788,39.65862444327806,1482.6666666666667,0.0,1
1466.6666666666667,0.030130597090646184,6.2671641948544075,1468.3333333333333,0.0,1
1562.0,0.07441211867861441,17.259213162450695,1563.3333333333333,0.00042643923240938164,1
1681.3333333333333,0.07953109557652928,17.199989727577595,1684.3333333333333,0.00039580447259054025,1
1419.0,0.01530871248687829,1.5002538237140721,1422.0,0.0,1
1393.0,0.05570171995031916,12.648739177650548,1396.0,0.0,1
1476.6666666666667,0.4821682607388543,97.49170216506552,1478.3333333333333,0.0013528748590755355,1
1461.6666666666667,0.1034451117117525,22.04510306768296,1462.0,0.00045599635202918376,1
1471.3333333333333,0.0720503914481977,15.848907876088528,1475.6666666666667,0.00045177320984865596,1
1442.3333333333333,0.1175602924554548,25.518453802504617,1446.3333333333333,0.0009218713989398478,1
1477.6666666666667,0.4355556244594357,94.57097572782801,1479.3333333333333,0.0013519603424966202,1
1451.3333333333333,0.06424142930701357,12.685501438261259,1452.0,0.0,1
1629.0,0.0473790305397356,10.48431540577,1632.6666666666667,0.0008166598611678236,1
1593.6666666666667,0.0479049315155991,9.815492281130986,1597.0,0.0,1
1553.0,0.07462698517848917,13.324369008516472,1554.3333333333333,0.0,1
1693.6666666666667,0.1029757226846826,23.163047722767214,1695.0,0.0,1
1542.6666666666667,0.04644084986292015,9.891901020801992,1545.0,0.0008629989212513484,1
1463.6666666666667,0.033703097191958166,7.059773074806909,1466.6666666666667,0.0,1
1559.6666666666667,0.05060270733983161,9.91768259637476,1560.3333333333333,0.0,1
1526.0,0.06926528495477384,15.843752301125027,1527.0,0.0,1
1514.0,0.029617443175465226,5.982723521443978,1519.6666666666667,0.0004386926957666155,1
1656.6666666666667,0.10412453595353376,24.37707546757996,1659.3333333333333,0.0,1
1595.6666666666667,0.059562991730306346,12.0597251903746,1595.6666666666667,0.0,1
1611.6666666666667,0.20109172000126513,43.186458782178356,1614.6666666666667,0.00041288191577208916,1
1486.3333333333333,0.053910817966698076,11.806469134706878,1490.3333333333333,0.00044732721986132855,1
1535.3333333333333,0.1765894088242159,37.34028160767949,1538.3333333333333,0.0,1
1576.0,0.19658333685654694,40.92753374856199,1577.6666666666667,0.0,1
1597.6666666666667,0.06764714097235537,14.60013975923461,1601.0,0.0008328128253175099,1
1597.3333333333333,0.19565297423709252,43.50956723293176,1601.0,0.00041640641265875496,1
1620.0,0.13052941367956813,29.63254403069527,1622.6666666666667,0.0,1
1659.6666666666667,0.014167660119957721,1.3884306917558566,1660.3333333333333,0.0,1
1617.3333333333333,0.07451055705616447,15.506047325781887,1619.0,0.00041177681696520483,1
1361.3333333333333,0.04689916762188552,9.325187549490682,1363.0,0.0004891171435558817,1
1442.6666666666667,0.13575236679904124,30.82122408150339,1445.6666666666667,0.0018445930366612867,1
1663.6666666666667,0.06633972201731145,14.401966540640576,1665.3333333333333,0.0,1
1691.6666666666667,0.09817902285234385,20.43708401166996,1693.3333333333333,0.0007874015748031496,1
1341.0,0.13714998704633669,29.2404245373763,1344.6666666666667,0.002478929102627665,1
1519.3333333333333,0.12460179302691411,26.23597186422948,1522.6666666666667,0.0017513134851138354,1
1598.0,0.13598330585885424,28.78119284918986,1602.0,0.0012484394506866417,1
1691.3333333333333,0.04857860829147812,10.953485725722054,1694.0,0.0015741833923652105,1
1560.3333333333333,0.046177665266270554,9.350667362953809,1562.0,0.0004268032437046522,1
1610.6666666666667,0.15212669873416235,33.180308702920115,1612.0,0.00041356492969396195,1
1602.3333333333333,0.061119205322878956,12.906713614648142,1605.0,0.0,1
1321.0,0.08089759231650584,17.986597966742497,1323.0,0.0,1
1498.3333333333333,0.10732155603422588,21.3835900912096,1502.3333333333333,0.002662524961171511,1
1592.6666666666667,0.07507823253915323,17.30240314982716,1595.6666666666667,0.0004177982034677251,1
1690.3333333333333,0.06872076526595099,14.357108548576269,1692.0,0.0003940110323089047,1
1727.0,0.0707457263035817,15.998178324957005,1730.3333333333333,0.0007705644384511655,1
1656.0,0.12274168770479477,25.957735954645717,1658.6666666666667,0.00040192926045016077,1
1629.0,0.16051149959348043,34.94059113567956,1629.6666666666667,0.0,1
1591.0,0.07652327887850363,15.401254965101742,1592.6666666666667,0.0,1
1595.0,0.07906071138118544,16.339822086300032,1597.6666666666667,0.0008345503859795535,1
1462.6666666666667,0.05641034515982542,12.157624568714022,1465.6666666666667,0.0,1
1525.6666666666667,0.07523944310154225,16.020752882915158,1529.6666666666667,0.00043582479843103073,1
1520.6666666666667,0.1086193863401563,22.496616888899595,1522.6666666666667,0.0008756567425569177,1
1563.3333333333333,0.07719970588174958,15.463406239340515,1564.3333333333333,0.0008523332623055614,1
1657.0,0.11931634841085081,21.94121104915929,1660.3333333333333,0.0012045773940975708,1
1644.0,0.17823182549368205,40.16323174438479,1646.6666666666667,0.0008097165991902834,1
1497.3333333333333,0.10751143560827314,24.998557233105817,1498.3333333333333,0.0,1
1549.6666666666667,0.17951446187655018,38.51103281901481,1551.0,0.0,1
1624.3333333333333,0.06861511345672212,14.227003579292546,1626.6666666666667,0.0004098360655737705,1
1692.0,0.014028957324879396,2.861907294275396,1693.3333333333333,0.0,1
1664.3333333333333,0.267062709107664,56.74934991829322,1667.3333333333333,0.0,1
1588.3333333333333,0.06785919909792668,13.963084502080191,1591.0,0.0004190236748376283,1
1638.0,0.17631115104912853,35.47629415943368,1640.0,0.0,1
1672.3333333333333,0.11887427310127352,25.498384769379165,1674.0,0.00039824771007566706,1
1687.6666666666667,0.05251960971071441,11.880868938982275,1691.0,0.0003942440370589395,1
1649.0,0.0618885857954897,13.415763549459285,1652.6666666666667,0.0,1
1635.0,0.05524795074603663,10.499524693101826,1637.0,0.0,1
1689.6666666666667,0.04438705016741851,9.995137606512007,1691.3333333333333,0.0,1
1642.6666666666667,0.06971090167781707,14.64306805121855,1645.3333333333333,0.0004051863857374392,1
1577.3333333333333,0.09180587457217178,20.74751430556273,1580.3333333333333,0.0008437038599451593,1
1551.3333333333333,0.08907206412885335,19.222904795488276,1553.0,0.00042927666881305,1
1687.0,0.06281237257889676,13.661438277372703,1688.6666666666667,0.00039478878799842083,1
1644.0,0.04267127733219318,8.57854154521772,1646.6666666666667,0.0,1
1627.6666666666667,0.053470935350589346,11.536188835756239,1630.6666666666667,0.0004088307440719542,1
1660.6666666666667,0.054836623420039775,12.754977835826221,1661.6666666666667,0.0,1
1590.3333333333333,0.059625240469873976,11.265724277090923,1592.3333333333333,0.0,1
1563.0,0.03573074136227305,6.175565900475185,1565.6666666666667,0.0,1
1223.0,0.06593571230474081,13.782111521649398,1224.6666666666667,0.0010887316276537834,1
1587.0,0.06474423282407632,14.533300931988158,1589.3333333333333,0.0008389261744966443,1
1603.6666666666667,0.08989171629332408,18.95673434115307,1606.3333333333333,0.002075119319360863,1
1634.6666666666667,0.09132892497014035,20.635864716704663,1636.6666666666667,0.0,1
1649.3333333333333,0.060244133334996605,12.409901270947344,1652.0,0.0008071025020177562,1
1640.6666666666667,0.21589682497645446,44.184228120356615,1643.6666666666667,0.00040559724193875484,1
1600.6666666666667,0.34059415136318,75.52962997567015,1602.3333333333333,0.00041605991262741833,1
1609.0,0.09745178311584043,21.64724829584332,1611.6666666666667,0.0012409513960703205,1
1605.0,0.05387404677874424,10.875877334012376,1607.0,0.0,1
1605.6666666666667,0.04983930992342985,10.086192090170776,1609.3333333333333,0.00041425020712510354,1
1618.3333333333333,0.14962052205612195,30.870387112269547,1621.6666666666667,0.00041109969167523125,1
1630.6666666666667,0.09039137846097306,21.585538833977896,1631.3333333333333,0.0,1
1599.3333333333333,0.19185618408015756,39.813231710227946,1602.3333333333333,0.0,1
1569.3333333333333,0.10390251247188628,21.641721242056686,1572.3333333333333,0.00042399830400678397,1
1562.0,0.13682611930469127,29.488304232570357,1565.0,0.0017039403620873268,1
1625.6666666666667,0.06229938235673385,13.674366876081054,1629.6666666666667,0.0016363264471262017,1
1609.6666666666667,0.0406641804905934,8.745163660334185,1612.0,0.0,1
1607.6666666666667,0.3000257180699918,60.626548473591484,1610.0,0.0,1
1584.0,0.07386358636418733,16.337683208423776,1586.6666666666667,0.0008403361344537816,1
1587.0,0.04344177720505839,9.600632762317906,1589.3333333333333,0.00041946308724832214,1
1605.3333333333333,0.06749987764114455,14.813260834424561,1608.0,0.0012437810945273632,1
1557.0,0.2312205019924058,53.69200051166554,1557.6666666666667,0.0,1
1570.3333333333333,0.03565117829589818,7.216278006240233,1572.6666666666667,0.000847816871555744,1
1519.3333333333333,0.10964934954341622,24.506420501964058,1522.6666666666667,0.0013134851138353765,1
1542.0,0.3491168950396751,76.45543405471321,1543.6666666666667,0.0012956164975167351,1
1516.3333333333333,0.0947487707727253,21.088464201274142,1520.0,0.0017543859649122807,1
1615.6666666666667,0.06576223418829526,13.831503553910938,1617.3333333333333,0.001236603462489695,1
1536.6666666666667,0.1753534807330436,41.222400897656094,1538.0,0.0013003901170351106,1
1441.0,0.07744883476617329,16.63307302027462,1443.0,0.001386001386001386,1
1630.6666666666667,0.08574053504760686,17.405328614664196,1632.0,0.0,1
1603.0,0.04775480344849148,10.207488404890384,1606.3333333333333,0.0008300477277443454,1
1622.6666666666667,0.09812139141275492,21.710294070165283,1624.6666666666667,0.0016413623307345096,1
1602.3333333333333,0.04991686472618408,9.936887647057539,1604.3333333333333,0.00041554124246831497,1
1566.0,0.060060142687327504,13.310373885571282,1569.3333333333333,0.0004248088360237893,1
1424.6666666666667,0.05715568068118912,11.637127557542508,1427.0,0.000467180565288484,1
1590.3333333333333,0.10824370871389415,23.699348122820858,1592.0,0.0016750418760469012,1
1565.3333333333333,0.06833280169700938,14.845800003710542,1568.3333333333333,0.0017003188097768332,1
1647.0,0.0898578793452254,18.805864967124812,1649.6666666666667,0.0008082440897150939,1
1538.0,0.1386719694334024,29.116148924325564,1540.0,0.0017316017316017316,1
1609.3333333333333,0.08002049630888888,17.691955499180743,1611.3333333333333,0.0016549441456350847,1
1622.6666666666667,0.04527435541653402,10.348779141391088,1625.0,0.0008205128205128205,1
1549.6666666666667,0.12685213018936775,27.53039057041537,1552.3333333333333,0.0,1
1636.0,0.09345167871462222,21.57281491552308,1639.0,0.0016270083384177345,1
1451.3333333333333,0.29509682337921583,67.76864058164963,1453.6666666666667,0.00045861041045631735,1
1614.0,0.17401927492518857,36.13310546306437,1616.6666666666667,0.0016494845360824743,1
1622.0,0.07708181911194648,15.996046343865988,1625.0,0.0012307692307692308,1
1538.6666666666667,0.0657439446366782,13.899210677148277,1541.3333333333333,0.0008650519031141869,1
1603.6666666666667,0.16914140914802273,33.16042079755672,1606.0,0.0016604400166044002,1
1511.6666666666667,0.13421779122335833,30.011253940679197,1515.3333333333333,0.0017597888253409592,1
1649.3333333333333,0.4088540669027188,92.45761001638246,1653.3333333333333,0.0020161290322580645,1
1475.3333333333333,0.06007060001256847,13.57035528066706,1476.6666666666667,0.0,1
1571.6666666666667,0.06173075881855699,14.162432983028692,1573.3333333333333,0.000423728813559322,1
1607.0,0.19031573796751003,42.95427431262283,1609.3333333333333,0.0008285004142502071,1
1615.3333333333333,0.06255618363093032,13.276392739191083,1617.0,0.0,1
1534.6666666666667,0.23128290380425437,49.5438399286882,1538.3333333333333,0.000866738894907909,1
1603.0,0.15509845249577026,33.92049565887942,1606.0,0.00041511000415110004,1
1594.3333333333333,0.09576890142662903,21.20897825101586,1596.6666666666667,0.0012526096033402922,1
1652.0,0.18173055945472832,41.61754867677945,1653.6666666666667,0.0008062890546260835,1
1508.3333333333333,0.051451455892861014,11.164346441396932,1510.0,0.0004415011037527594,1
1511.3333333333333,0.036338945346741584,7.420895478072381,1513.6666666666667,0.0,1
1643.6666666666667,0.09219307051582808,18.183457318677085,1646.0,0.001215066828675577,1
1558.6666666666667,0.0968681916984814,19.469210056212983,1560.0,0.00042735042735042735,1
1308.6666666666667,0.2784389377733773,55.11742223470816,1310.6666666666667,0.000508646998982706,1
1627.6666666666667,0.04044325723857823,8.443109465496262,1629.6666666666667,0.0,1
1508.3333333333333,0.044548450049438665,9.800659010876506,1511.3333333333333,0.0,1
1358.6666666666667,0.285142743658677,60.01164843160701,1359.3333333333333,0.000980872976949485,1
1570.3333333333333,0.043680570992628225,9.959170186319236,1572.0,0.0,1
1713.0,0.03943231469510673,7.847427073155973,1714.3333333333333,0.00038887808671981335,1
1632.6666666666667,0.11055883477643276,23.788770990629043,1634.0,0.0008159934720522236,1
1689.6666666666667,0.27070584167728623,57.005227877603055,1690.6666666666667,0.0003943217665615142,1
1611.6666666666667,0.32247870882499463,68.05894735598608,1614.3333333333333,0.001651868676440223,1
1557.3333333333333,0.061973959295536556,13.356856725978403,1561.0,0.0,1
1659.6666666666667,0.06786222031885841,15.678975136513015,1663.0,0.0016035277610743637,1
1660.6666666666667,0.0800319162782656,17.056264748334275,1662.6666666666667,0.0016038492381716118,1
1633.3333333333333,0.07685116773239326,16.043498301213873,1635.3333333333333,0.0,1
1479.6666666666667,0.23456485652080844,52.63198195284996,1482.0,0.001799370220422852,1
1724.0,0.013894250100410135,3.1539947727931006,1726.3333333333333,0.0003861749372465727,1
1616.0,0.2623671418639181,58.62368355250782,1620.0,0.0032921810699588477,1
1513.3333333333333,0.19498574755486328,42.910479810265,1514.6666666666667,0.0013204225352112676,1
1579.0,0.1256958470572029,24.853293970891055,1581.3333333333333,0.0016863406408094434,1
1579.0,0.06487353211611246,12.66997706316661,1583.0,0.0,1
1546.3333333333333,0.07476318484381353,16.212133341765842,1548.0,0.0012919896640826874,1
1453.0,0.07711156290982521,15.962313886155465,1455.6666666666667,0.0009159606136936112,1
1656.0,0.06335331363513186,14.570028340942896,1659.3333333333333,0.0016070711128967456,1
1618.6666666666667,0.08101804657565517,17.450525382649197,1623.0,0.001643047853768741,1
1526.3333333333333,0.15405552056189611,32.37717188566433,1529.0,0.0008720296490080662,1
1596.0,0.15150363639888575,30.898510871498708,1596.6666666666667,0.0004175365344467641,1
1678.0,0.08328017011686442,17.506100109298618,1680.0,0.0011904761904761906,1
1578.6666666666667,0.14594397826628197,31.614832831224785,1579.6666666666667,0.0,1
1632.3333333333333,0.24300460209031458,46.87822210408662,1635.6666666666667,0.0016303240269003464,1
1634.6666666666667,0.042797010105077055,8.61560434317446,1637.0,0.00040724903278354713,1
1589.3333333333333,0.2468041168750904,54.24581986418079,1590.3333333333333,0.0008383986585621463,1
1654.0,0.08019259000314805,17.317945043777854,1656.0,0.0012077294685990338,1
1582.0,0.31912057877475425,70.0479711382782,1586.3333333333333,0.0016810254255095608,1
1665.0,0.07607535273630218,15.82251992365295,1668.3333333333333,0.001998001998001998,1
1549.3333333333333,0.10856941254701527,24.380274682224265,1552.6666666666667,0.0012881064834693002,1
1621.0,0.16582682171494234,34.568615572018764,1623.3333333333333,0.0004106776180698152,1
1703.0,0.05041410853770927,10.262912952360622,1704.3333333333333,0.0,1
1620.0,0.3353601070661117,72.08939161962262,1622.6666666666667,0.0012325390304026294,1
1685.3333333333333,0.08073769573636909,17.655081868552188,1686.6666666666667,0.0,1
1568.0,0.06673831425286558,14.710008311081141,1570.3333333333333,0.0008490766291657822,1
1606.0,0.19362394121135365,43.01128730933702,1608.3333333333333,0.0008290155440414508,1
1269.6666666666667,0.04858339244716889,11.125596870401676,1270.6666666666667,0.0,1
1631.6666666666667,0.042861515811157797,8.400857098986927,1632.6666666666667,0.0004083299305839118,1
1639.6666666666667,0.04505784397040909,8.451782556866272,1641.3333333333333,0.0,1
1646.3333333333333,0.020100754663146897,3.063957264974577,1649.3333333333333,0.0,1
1587.6666666666667,0.04342002626990676,9.682317391786762,1590.3333333333333,0.00041919932928107315,1
1522.6666666666667,0.0,0.0,1525.0,0.0004371584699453552,1
1583.3333333333333,0.11413615082477929,23.488875663223403,1585.6666666666667,0.0,1
1608.3333333333333,0.014381419395436244,2.962572395459867,1611.3333333333333,0.0,1
1630.3333333333333,0.051518790972755364,11.684820342027802,1632.0,0.0,1
1596.6666666666667,0.014444292554818208,1.4155406703721845,1597.3333333333333,0.0,1
1645.3333333333333,0.0142277595389843,2.7744131101019387,1646.3333333333333,0.00040494027130998176,1
1616.3333333333333,0.053696228540063826,12.099128161211137,1617.6666666666667,0.00041211621677313,1
1653.0,0.28410378657933794,64.76542738541315,1655.6666666666667,0.0004026575397624321,1
1642.6666666666667,0.153910969982622,35.21887922183142,1645.3333333333333,0.0012155591572123178,1
1621.0,0.09396756441418289,21.639549578513616,1622.3333333333333,0.0008218615163344976,1
1655.6666666666667,0.16467553410171787,36.75177232856685,1657.3333333333333,0.0012067578439259854,1
1637.0,0.06683189726336555,15.487395889210013,1639.6666666666667,0.0012197601138442774,1
1673.3333333333333,0.09962513175768486,21.027543141043488,1676.0,0.002386634844868735,1
1685.0,0.1287961294879747,26.114710797810986,1686.3333333333333,0.0011860051393556038,1
1564.3333333333333,0.0728548980623004,15.628869299984855,1567.0,0.0012763241863433313,1
1533.6666666666667,0.014737788925610801,3.404429241816095,1534.3333333333333,0.0,1
1652.6666666666667,0.04915225687772103,11.194530205161259,1654.6666666666667,0.0,1
1629.0,0.1697018636837644,39.855332141118964,1631.3333333333333,0.0004086636697997548,1
1556.3333333333333,0.25993015322621177,57.13494483664209,1557.3333333333333,0.0008561643835616438,1
1663.0,0.06167757661018117,13.198864801370668,1664.0,0.0008012820512820513,1
1600.0,0.09344734159861187,19.884265797559898,1601.6666666666667,0.0008324661810613944,1
1634.3333333333333,0.055243391926615065,12.021319032866769,1635.6666666666667,0.0012227430201752598,1
1674.6666666666667,0.114485370662102,26.191635330484445,1678.0,0.0011918951132300357,1
1594.0,0.06297187616556718,13.342058976021875,1595.0,0.0008359456635318704,1
1673.3333333333333,0.024426594084153774,4.063025660804815,1675.0,0.0003980099502487562,1
1591.3333333333333,0.045726488013745924,10.172122467191562,1593.0,0.0008369951872776732,1
1706.3333333333333,0.04837291561851751,9.633598702788053,1707.6666666666667,0.0007807925043919579,1
1658.6666666666667,0.17636240805453765,38.45988851194184,1660.3333333333333,0.0008030515960650472,1
1628.3333333333333,0.34003733720839313,72.27397199834286,1630.6666666666667,0.0008176614881439084,1
1666.6666666666667,0.02447532059692043,5.459154376331947,1668.3333333333333,0.0,1
1467.3333333333333,0.03012033287740656,5.289389183877518,1468.3333333333333,0.0004540295119182747,1
1669.0,0.014128014384471258,3.1364191933526193,1669.6666666666667,0.0,1
1629.3333333333333,0.04519568923048653,10.23881099385791,1631.3333333333333,0.0004086636697997548,1
1668.0,0.11393500980641763,26.766068492358396,1668.6666666666667,0.00039952057530962844,1
1657.6666666666667,0.05106563099595663,11.107013530401392,1659.6666666666667,0.0008033741715203856,1
1673.0,0.059823412415622175,12.654272652096784,1674.6666666666667,0.0007961783439490446,1
1694.0,0.12056944669798715,24.735134054379458,1695.6666666666667,0.0007863180656575585,1
1591.6666666666667,0.0804363427523419,17.675301308080922,1594.0,0.002509410288582183,1
1666.0,0.06321267821027644,14.209008313139202,1667.3333333333333,0.0,1
1661.3333333333333,0.014153462642716375,2.901459841756857,1663.6666666666667,0.0008014425966740132,1
1646.0,0.23670039676009455,50.09525394793413,1647.0,0.0012143290831815423,1
1681.3333333333333,0.10044323969101797,22.078200726970422,1682.6666666666667,0.0003961965134706815,1
1709.0,0.07380691489427307,15.146681527519885,1711.0,0.0015585427625170465,1
1695.6666666666667,0.2081145977693729,42.80150293395632,1699.0,0.002354326074161271,1
1663.3333333333333,0.26976579939582035,54.81032665215755,1666.3333333333333,0.0016003200640128026,1
1668.0,0.07200637123112757,14.761860835147008,1669.6666666666667,0.000798562587342783,1
1629.0,0.08327772276289255,17.87336764473871,1631.6666666666667,0.0020429009193054137,1
1696.3333333333333,0.050488944916178856,11.045433140943288,1698.6666666666667,0.0011773940345368916,1
1640.3333333333333,0.06204709895461783,13.185101474810942,1643.6666666666667,0.0012167917258162643,1
1599.6666666666667,0.2526107339791244,49.749377707513155,1602.3333333333333,0.002080299563137092,1
1622.6666666666667,0.2578071887663931,53.70088138998668,1624.0,0.0008210180623973727,1
1536.0,0.16645900435189148,36.29144385077923,1538.3333333333333,0.000866738894907909,1
1592.6666666666667,0.04336908646449013,8.326864601182105,1594.6666666666667,0.0,1
1293.0,0.07171082386990077,14.142688779777108,1295.3333333333333,0.0,1
1524.6666666666667,0.18568961432188952,39.926245687785936,1526.0,0.0,1
1599.6666666666667,0.014424743767878005,3.433089016754966,1601.6666666666667,0.0,1
1499.0,0.17561425355107285,39.15078262013019,1501.6666666666667,0.0,1
1709.3333333333333,0.04185276901032255,10.044664562477415,1712.3333333333333,0.0,1
1598.3333333333333,0.05768095634154424,12.001422128472877,1601.6666666666667,0.0008324661810613944,1
1555.3333333333333,0.06376267092379598,13.249784238207713,1556.3333333333333,0.00042835724994645533,1
1564.6666666666667,0.029179206640854695,6.273529427783759,1565.6666666666667,0.0,1
1557.3333333333333,0.0292415154967351,6.228442800804576,1559.0,0.0,1
1401.6666666666667,0.21576796993411826,44.01666586656013,1403.0,0.0,1
1691.6666666666667,0.04206709283941858,8.711103411162473,1694.3333333333333,0.0,1
1640.0,0.04724904072373643,9.015556211171871,1641.6666666666667,0.0,1
1601.6666666666667,0.13290316868819815,29.37875810123359,1602.6666666666667,0.00041597337770382697,1
1660.6666666666667,0.1250590836560922,26.33791478479681,1661.3333333333333,0.0004012841091492777,1
1595.6666666666667,0.05591178255937847,12.53489245569236,1598.3333333333333,0.0016684045881126173,1
1571.6666666666667,0.09762420322317913,19.637058469515086,1573.0,0.000847637211273575,1
1663.3333333333333,0.060036027614145074,12.707874190360542,1664.0,0.0,1
1680.6666666666667,0.028155053961648687,5.6873209002530345,1681.6666666666667,0.00039643211100099106,1
1688.3333333333333,0.09204623366819538,20.107789207774733,1690.0,0.0007889546351084812,1
1650.6666666666667,0.08152518834413906,17.501334120210746,1653.3333333333333,0.0020161290322580645,1
1704.6666666666667,0.19749767882688885,44.59365244114163,1707.6666666666667,0.0007807925043919579,1
1697.6666666666667,0.1297468508780573,28.00657184222293,1701.0,0.0015677052714089751,1
1647.3333333333333,0.05124229283662502,11.512768343540444,1649.6666666666667,0.00040412204485754696,1
1609.6666666666667,0.05926076631625221,12.55047961339287,1612.0,0.00041356492969396195,1
1635.0,0.2366297116970402,46.00178127694515,1636.3333333333333,0.0,1
1677.6666666666667,0.25267639993323765,56.89299648399764,1680.3333333333333,0.0007934933544931561,1
1673.6666666666667,0.13369002079233464,29.942384673661316,1676.0,0.0015910898965791568,1
1667.0,0.08706707450418219,19.080675359192114,1668.6666666666667,0.0011985617259288853,1
1698.0,0.0699780498051058,15.26336141270997,1700.6666666666667,0.0007840062720501764,1
1661.3333333333333,0.10203215473642721,22.408716972262972,1663.3333333333333,0.0012024048096192384,1
1684.0,0.057941203184021635,11.691755797262905,1686.3333333333333,0.000395335046451868,1
1699.6666666666667,0.1689707738834462,38.72407880142795,1703.0,0.0007829320806420043,1
1704.6666666666667,0.062468273682638985,12.920163738338216,1707.3333333333333,0.0011714174150722373,1
1679.6666666666667,0.08441397905101589,18.262090602735142,1681.6666666666667,0.00039643211100099106,1
1672.0,0.04886776902321997,11.36940618707164,1674.0,0.0011947431302270011,1
1668.6666666666667,0.14998036830866035,31.58880465509729,1672.6666666666667,0.0019928258270227183,1
1707.3333333333333,0.20700472296757952,44.169369209325396,1710.3333333333333,0.0015591502631066068,1
1646.6666666666667,0.03761048943748532,7.536748167028378,1648.3333333333333,0.0004044489383215369,1
1631.6666666666667,0.22891759461169495,46.01872438701433,1633.6666666666667,0.0016323199347072026,1
1691.6666666666667,0.028063438404605845,6.6510349018915855,1692.6666666666667,0.0,1
1687.3333333333333,0.059563441320299414,13.038512810720311,1689.3333333333333,0.0007892659826361484,1
1679.0,0.17457904662237828,38.52319919666974,1682.3333333333333,0.0011888250445809391,1
1557.3333333333333,0.19438287122845108,40.949018913957076,1559.6666666666667,0.0021372088053002777,1
1714.3333333333333,0.05211771585470538,11.490172867630061,1715.6666666666667,0.0011657276083155237,1
1670.6666666666667,0.04462506178486538,9.328432060294974,1672.6666666666667,0.00039856516540454366,1
1636.0,0.19238748226609825,44.27303315469901,1638.3333333333333,0.0004069175991861648,1
1699.3333333333333,0.03128973353507722,6.570519391338722,1700.6666666666667,0.0011760094080752645,1
1718.3333333333333,0.03936159945213666,8.022478046293333,1719.6666666666667,0.0,1
1641.6666666666667,0.049316354990292154,10.546597702511216,1643.6666666666667,0.0012167917258162643,1
1692.3333333333333,0.1947769333300454,38.8433369821347,1694.6666666666667,0.0007867820613690008,1
1610.6666666666667,0.18729028630240518,38.707097461633325,1614.3333333333333,0.001651868676440223,1
1647.0,0.08869607186320519,19.94196081131186,1650.0,0.00202020202020202,1
1669.6666666666667,0.042359618934019204,9.264739701881398,1671.0,0.0,1
1682.3333333333333,0.3266383065898775,76.86147471671804,1685.6666666666667,0.0015819655922483687,1
1653.0,0.1696232257448022,37.64635327223543,1655.0,0.0012084592145015106,1
1662.6666666666667,0.19166839395118068,42.43621384318879,1666.3333333333333,0.002000400080016003,1
1587.6666666666667,0.22639923215322125,47.48276702248966,1591.0,0.002933165723863398,1
1618.3333333333333,0.014341431851827506,2.9686763933282934,1620.3333333333333,0.0004114379757251594,1
1688.6666666666667,0.03970333027332509,8.597628331302499,1691.0,0.0,1
1681.3333333333333,0.17743578028978282,40.648467957756665,1682.6666666666667,0.0,1
1602.0,0.08995697435131028,19.236453936340645,1604.0,0.0008312551953449709,1
1618.3333333333333,0.09180990642174995,21.669523487889148,1620.0,0.0012345679012345679,1
1692.6666666666667,0.19534190393103415,43.55220992430738,1694.0,0.0003935458480913026,1
1665.3333333333333,0.17710660238861486,35.76341650122772,1667.6666666666667,0.0011992804317409553,1
1710.6666666666667,0.0836638567102541,18.39167954410368,1712.0,0.000778816199376947,1
1635.3333333333333,0.02852778747937319,5.770716947982908,1637.0,0.0008144980655670943,1
1631.3333333333333,0.09367945619758297,20.84799117394123,1632.3333333333333,0.0004084133142740453,1
1666.3333333333333,0.03461794029341723,7.338496111156996,1668.0,0.0003996802557953637,1
1602.3333333333333,0.20687731731595432,44.71780679053075,1603.3333333333333,0.0,1
1713.0,0.07758781092651794,16.003322678899323,1715.6666666666667,0.0003885758694385079,1
1568.3333333333333,0.0,0.0,1570.3333333333333,0.0,1
1593.6666666666667,0.0,0.0,1595.0,0.0,1
1637.0,0.04033208700209514,8.35497713074659,1638.6666666666667,0.0,1
1586.0,0.12114417178564162,27.178832484233773,1588.0,0.0016792611251049538,1
1641.0,0.2297124482522686,49.48933328869285,1642.0,0.0,1
1654.6666666666667,0.0,0.0,1659.0,0.0,1
1703.0,0.0,0.0,1705.0,0.0,1
1569.0,0.014569459417662642,2.8993224241148656,1570.0,0.0004246284501061571,1
1652.3333333333333,0.05310884071039558,10.97726257603783,1653.6666666666667,0.0,1
1550.3333333333333,0.09609254695585498,21.691373424609704,1551.3333333333333,0.0,1
1653.3333333333333,0.16174783944931417,38.23752654229459,1655.6666666666667,0.0004026575397624321,1
1679.6666666666667,0.0,0.0,1682.3333333333333,0.0,1
1662.3333333333333,0.020016017617929892,3.6430232427084888,1663.3333333333333,0.0,1
1673.6666666666667,0.06148705512670774,13.481474378338193,1674.3333333333333,0.0,1
1637.6666666666667,0.049364716384424245,10.581749059770868,1639.6666666666667,0.0012197601138442774,1
1728.0,0.024026150684527237,5.035378672281353,1731.3333333333333,0.0003850596842510589,1
1638.3333333333333,0.13959855095677298,30.01842164813341,1640.6666666666667,0.0016253555465258025,1
1601.0,0.08774845796250579,20.801141562278772,1601.3333333333333,0.00041631973355537054,1
1680.0,0.014081713605712021,1.3800079333597777,1680.6666666666667,0.0,1
1646.0,0.04266169415280594,9.68420457268695,1648.0,0.0,1
1601.0,0.11534995765180098,26.41514030226243,1603.0,0.0,1
1585.6666666666667,0.043455447454532795,10.342396494178807,1588.3333333333333,0.0,1
1652.3333333333333,0.0,0.0,1653.6666666666667,0.0,1
1670.6666666666667,0.01996608486733237,1.9566763169985717,1671.6666666666667,0.0,1
1597.0,0.0,0.0,1598.6666666666667,0.0,1
1618.0,0.28027035920118837,58.93798494121642,1620.3333333333333,0.0004114379757251594,1
1617.3333333333333,0.0,0.0,1620.0,0.0,1
1589.0,0.0,0.0,1591.0,0.0,1
1614.0,0.02030273587643904,3.340020161550245,1616.6666666666667,0.0,1
1673.0,0.0,0.0,1675.0,0.0,1
1646.0,0.044953012587933744,10.089192631783561,1649.0,0.0,1
1645.6666666666667,0.05687075937484566,12.795920859340274,1648.6666666666667,0.0,1
1668.0,0.04465175478323096,9.12719660918358,1671.3333333333333,0.0,1
1664.6666666666667,0.028284270681550133,6.731656422208931,1666.3333333333333,0.0,1
1707.6666666666667,0.02792903814264677,6.647111077949932,1709.0,0.0,1
1468.3333333333333,0.030116929322200645,6.294438228339934,1469.6666666666667,0.0,1
1448.6666666666667,0.10277230819774512,19.500596259197295,1451.0,0.00045945325063174823,1
1588.3333333333333,0.0,0.0,1590.3333333333333,0.00041919932928107315,1
1627.6666666666667,0.21454858339228108,48.48797984665552,1629.0,0.0,1
1620.3333333333333,0.09821196585724278,20.995749134343736,1621.6666666666667,0.00041109969167523125,1
1670.3333333333333,0.06767104740504103,14.648883394977222,1673.0,0.0,1
1579.3333333333333,0.2509343672598808,59.24597173481293,1582.0,0.00042140750105351877,1
1603.3333333333333,0.18722971543030023,38.382091663211554,1606.6666666666667,0.0,1
1655.6666666666667,0.02835239828342586,5.95400363951943,1658.3333333333333,0.0,1
1640.6666666666667,0.060448984995024185,12.89401633923906,1641.3333333333333,0.0,1
1658.0,0.03168366568505028,6.056023808591243,1659.6666666666667,0.0,1
1630.6666666666667,0.26728194274332073,59.26364040751531,1632.3333333333333,0.0,1
1602.3333333333333,0.0,0.0,1604.6666666666667,0.0004154549231408392,1
1594.0,0.014448815111301895,1.4159838809075855,1596.3333333333333,0.0,1
1655.3333333333333,0.05305542282409833,12.342893901854433,1657.0,0.0,1
1625.3333333333333,0.20684877603115978,40.794266982664496,1627.6666666666667,0.0,1
1616.0,0.028715365539882368,5.5420655491972965,1616.6666666666667,0.0,1
1631.0,0.014287171937052597,3.0431676225922035,1632.6666666666667,0.0,1
1489.6666666666667,0.0920812363168124,18.461263707638107,1493.3333333333333,0.0008928571428571428,1
1677.6666666666667,0.031485170237320656,6.757303309946622,1680.6666666666667,0.0003966679888932963,1
1705.6666666666667,0.13969968639533778,33.80732410767175,1707.6666666666667,0.0,1
1546.0,0.0939912111722108,19.942325525706806,1546.3333333333333,0.0004311273981461522,1
1530.6666666666667,0.0,0.0,1534.0,0.0,1
1733.6666666666667,0.013854189712166416,1.3577105917923087,1736.3333333333333,0.0,1
1595.3333333333333,0.0,0.0,1598.3333333333333,0.0,1
1693.0,0.0,0.0,1695.0,0.0,1
1690.0,0.14782453480534888,31.081275956024363,1692.3333333333333,0.0011818002757533978,1
1555.3333333333333,0.029250886239783468,5.698048602185967,1557.0,0.0012845215157353885,1
1642.3333333333333,0.03486604215451987,7.656181929136772,1644.3333333333333,0.0,1
1678.6666666666667,0.09340497736158586,18.32763204894399,1680.0,0.0011904761904761906,1
1462.6666666666667,0.04523466368631631,9.22989628046259,1464.3333333333333,0.0013658092419758707,1
1642.3333333333333,0.0,0.0,1643.0,0.0,1
1621.3333333333333,0.0429933571321033,9.931465497515862,1622.6666666666667,0.0,1
1499.3333333333333,0.05768845243845707,12.576767664862082,1501.3333333333333,0.0004440497335701599,1
1682.3333333333333,0.10241970897774375,22.46353538783301,1683.6666666666667,0.0,1
1681.0,0.061334688186414694,13.327215794715224,1682.6666666666667,0.0,1
1665.0,0.014142135340775065,3.337543940422915,1666.3333333333333,0.00040008001600320064,1
1199.0,0.17861811990537185,40.52729607729064,1200.6666666666667,0.000555247084952804,1
1629.0,0.01429154846365083,3.172723758930485,1631.6666666666667,0.0,1
1581.6666666666667,0.043515845491777665,9.142090454795147,1583.3333333333333,0.0,1
1679.0,0.04667473749187515,11.087506481540549,1682.3333333333333,0.00039627501486031304,1
1698.3333333333333,0.034304196834242004,7.174320174872655,1698.6666666666667,0.0003924646781789639,1
1627.3333333333333,0.031980396016282636,6.497029931665824,1629.0,0.0,1
1715.0,0.02786661468102561,5.517589706843071,1716.6666666666667,0.0,1
1687.6666666666667,0.04438704119343068,9.160281424674654,1690.6666666666667,0.0003943217665615142,1
1693.6666666666667,0.044312893437332426,9.264238363258247,1696.3333333333333,0.0007860090391039497,1
1726.0,0.07080026302086308,16.81972271238206,1727.6666666666667,0.00038587690526721975,1
1702.0,0.04196317169121354,9.441713630523047,1703.3333333333333,0.0,1
1640.3333333333333,0.014250856564526005,2.8216695997761487,1641.0,0.0,1
1592.3333333333333,0.18846519661992733,42.86729681287553,1595.0,0.0,1
1667.6666666666667,0.01413083519177849,2.8261670383556994,1669.0,0.0,1
1743.0,0.02764477939235639,6.220075363280189,1744.3333333333333,0.0,1
1567.0,0.11651539167871715,26.47707360600829,1569.3333333333333,0.0016992353440951572,1
1682.3333333333333,0.056271074215344864,12.126517760576705,1683.0,0.0003961180431768667,1
1635.0,0.05146103651775335,11.253699580718907,1635.6666666666667,0.0,1
1557.6666666666667,0.01461763332127514,3.172026430716705,1559.6666666666667,0.00042744176106005556,1
1689.3333333333333,0.0,0.0,1692.0,0.0,1
1582.6666666666667,0.052276749554102386,11.735692091060594,1585.0,0.0,1
1656.6666666666667,0.0425285974251388,9.611463018081366,1658.3333333333333,0.0,1
1592.0,0.06624506006640048,14.391089688429279,1594.3333333333333,0.000418147606104955,1
1582.6666666666667,0.020504462237705332,2.009437299295122,1585.0,0.0,1
1673.6666666666667,0.031519559418968425,6.5473689354450295,1677.0,0.0003975352812562115,1
1516.6666666666667,0.10368981415641479,21.278954032544647,1518.3333333333333,0.0,1
1632.6666666666667,0.1747727045201561,38.073956904071764,1636.3333333333333,0.0008148299042574863,1
1575.3333333333333,0.03249631765008305,5.9852555135049545,1577.6666666666667,0.0,1
1590.0,0.10632269126989748,24.916258091074592,1591.6666666666667,0.0,1
1634.6666666666667,0.031902185120549126,7.023152194623594,1637.0,0.0,1
1631.3333333333333,0.042827526273083436,8.876023883427536,1634.6666666666667,0.0,1
1598.0,0.020406036861578183,4.267986230895056,1600.3333333333333,0.0,1
1658.0,0.07223782202280116,15.722350203793034,1660.0,0.0008032128514056225,1
1599.6666666666667,0.04561219631535928,10.714315933619345,1601.6666666666667,0.0,1
1650.3333333333333,0.06953861520518265,15.330270204766439,1653.0,0.00040330711837063924,1
1595.3333333333333,0.04333287766445462,10.13989337348238,1597.3333333333333,0.0,1
1627.3333333333333,0.1492607331367968,35.43900062106753,1630.3333333333333,0.0,1
1570.3333333333333,0.014557104564385566,1.4265962473097857,1572.6666666666667,0.0,1
1618.0,0.05363549274891171,11.598183705825576,1620.6666666666667,0.00041135335252982314,1
1648.3333333333333,0.06664034689950366,13.329990876747715,1650.3333333333333,0.0004039587962027873,1
1557.0,0.153930612750035,31.23634147062561,1560.6666666666667,0.0008543357539513029,1
1525.3333333333333,0.1134244101752921,22.327484585988902,1528.0,0.0,1
1618.6666666666667,0.07447061434110726,17.148052600195456,1621.3333333333333,0.001644736842105263,1
1525.0,0.08856031005317344,20.028719186441283,1527.6666666666667,0.0017455814968361336,1
1637.0,0.23648530125811257,46.86784077060621,1638.3333333333333,0.0004069175991861648,1
1540.3333333333333,0.20839187937295542,40.08438294517632,1542.3333333333333,0.0,1
1566.0,0.043732617503921656,9.900951115197362,1567.6666666666667,0.00042526047203912394,1
1706.6666666666667,0.05584717076888924,12.475078224890527,1708.6666666666667,0.0003901677721420211,1
1490.0,0.05590436427763918,8.79994158784594,1492.3333333333333,0.0013401831583649765,1
1566.6666666666667,0.3045336559417229,69.10982896015739,1569.0,0.0016995963458678563,1
1545.6666666666667,0.04150931927860039,8.198747607381419,1547.0,0.00043094160741219563,1
1655.0,0.0736913042241115,16.026497199770905,1656.3333333333333,0.0012074864157778226,1
1637.3333333333333,0.05518622143636685,11.700836543210563,1640.6666666666667,0.0,1
1506.6666666666667,0.13698117397155282,31.474846761025294,1509.3333333333333,0.001325088339222615,1
1479.6666666666667,0.029998124416283502,7.169551735491756,1481.3333333333333,0.0,1
1533.0,0.07366526309130833,14.645186447672517,1535.0,0.0,1
1560.6666666666667,0.22482286129221374,47.90100828828022,1562.3333333333333,0.0,1
1542.0,0.0,0.0,1544.6666666666667,0.00043159257660768235,1
1583.3333333333333,0.18327409012941848,42.30110405026945,1585.6666666666667,0.0016817321841496743,1
1651.3333333333333,0.10326843019805113,22.108048058155997,1654.3333333333333,0.0012089462018940156,1
1532.0,0.07658810116510016,16.333598405189342,1533.3333333333333,0.0,1
1544.0,0.20561571862062145,49.759003906190394,1545.0,0.0,1
1537.3333333333333,0.06066090956529454,12.026138494882739,1539.0,0.00043318171973142733,1
1567.0,0.09443710782824852,21.243525127198247,1569.0,0.0,1
1571.6666666666667,0.08228525540875821,17.479694881478846,1573.3333333333333,0.000423728813559322,1
1692.3333333333333,0.27620196899768945,56.36547598463966,1694.6666666666667,0.0011801730920535012,1
1584.0,0.20177657106891575,39.57813610227287,1587.3333333333333,0.0008399832003359933,1
1599.0,0.06909769748450513,15.119842306264497,1604.0,0.0020781379883624274,1
1710.0,0.041844625656643146,8.829216013551703,1713.0,0.0,1
1654.6666666666667,0.09190301930038493,19.709650231621225,1656.0,0.0008051529790660225,1
1616.6666666666667,0.06418171846381507,14.614544097074504,1617.3333333333333,0.0,1
1674.6666666666667,0.0,0.0,1675.3333333333333,0.0,1
1608.0,0.04316658380461431,9.755647939842836,1609.6666666666667,0.0,1
1649.3333333333333,0.028403818288155004,6.02160947708886,1652.3333333333333,0.0,1
1617.0,0.02869762357766861,6.342174810664764,1618.6666666666667,0.0,1
1658.3333333333333,0.07358777406669485,15.124877531089238,1661.0,0.0,1
1638.3333333333333,0.06046126014288782,12.606209002232696,1640.6666666666667,0.0,1
1656.3333333333333,0.028341009491645124,5.809906945787252,1659.6666666666667,0.0,1
1620.6666666666667,0.0,0.0,1624.0,0.0,1
1643.6666666666667,0.0,0.0,1645.6666666666667,0.0,1
1648.3333333333333,0.1287047822479061,27.330378729053916,1649.6666666666667,0.0,1
1708.0,0.14638508229851863,31.01645557774784,1710.3333333333333,0.0007795751315533034,1
1670.0,0.0,0.0,1672.3333333333333,0.00039864460833167234,1
1725.0,0.0340119395687256,6.846735645045667,1728.0,0.0,1
1695.3333333333333,0.1401302406432477,28.177952182586804,1696.6666666666667,0.0003929273084479371,1
1634.3333333333333,0.0,0.0,1636.0,0.0,1
1686.0,0.06737656372318897,14.534954313757295,1687.6666666666667,0.0,1
1653.6666666666667,0.3011736398422375,71.57456000849648,1656.6666666666667,0.00040241448692152917,1
1657.0,0.06010828763019964,12.283295554854496,1660.0,0.0,1
1534.0,0.03292324672237947,6.77116264412835,1537.0,0.0,1
1622.0,0.16262425401558758,38.074845438802015,1625.3333333333333,0.0,1
1589.3333333333333,0.07516458797178065,16.983001115926815,1592.0,0.0004187604690117253,1
1672.3333333333333,0.0858147643203062,18.06483332487495,1674.3333333333333,0.00039816842524387816,1
1686.6666666666667,0.04440892029034737,9.231662271032853,1689.0,0.0,1
1658.3333333333333,0.02833247689858513,6.2048124407901435,1660.6666666666667,0.0,1
1557.6666666666667,0.0,0.0,1559.3333333333333,0.0,1
1657.0,0.07361373602298035,15.83259642163866,1659.3333333333333,0.0004017677782241864,1
1597.3333333333333,0.126626741240633,28.645868332554382,1600.0,0.0,1
1632.6666666666667,0.07548840754965823,16.676994110488117,1636.6666666666667,0.000814663951120163,1
1633.3333333333333,0.36583261932183275,76.65571612961858,1635.6666666666667,0.0004075810067250866,1
1607.0,0.2524661145735008,54.5147399987859,1610.0,0.0012422360248447205,1
1526.3333333333333,0.02954625508087951,6.234259822065579,1527.0,0.0,1
1669.3333333333333,0.08229135948635619,15.8133832337175,1671.6666666666667,0.0011964107676969093,1
1585.3333333333333,0.057922350472193074,10.793173936278919,1588.3333333333333,0.0008394543546694648,1
1640.0,0.08175023457972071,17.08350987036229,1643.6666666666667,0.002839180693571284,1
1581.6666666666667,0.02051308842865151,2.0102826660078486,1583.6666666666667,0.0012628920227320563,1
1676.0,0.12287634844445738,23.99370048576556,1677.0,0.0003975352812562115,1
1659.6666666666667,0.212983794941822,49.32272439392181,1660.3333333333333,0.0,1
1683.6666666666667,0.21399593328448988,44.9155391961736,1685.6666666666667,0.0019774569903104606,1
1694.0,0.04855474261847983,11.071404647110045,1695.6666666666667,0.0,1
1588.0,0.120181085755042,25.12510287539267,1590.6666666666667,0.0008382229673093043,1
1633.0,0.1627575565106668,38.21651215009031,1635.3333333333333,0.0,1
1531.0,0.0,0.0,1534.3333333333333,0.0,1
1658.3333333333333,0.024546494854292892,2.405556495720704,1658.6666666666667,0.0,1
1650.0,0.028409548907798624,6.647834444424878,1651.6666666666667,0.0,1
1701.3333333333333,0.15261150157848613,32.667829214155944,1702.3333333333333,0.00039161934599569217,1
1686.6666666666667,0.3145656716243661,60.86338792523273,1690.0,0.0007889546351084812,1
1598.0,0.1163051227057882,25.774928571678117,1601.3333333333333,0.0,1
1631.6666666666667,0.0142842564853854,1.3998571355677698,1633.3333333333333,0.0,1
1655.3333333333333,0.014177623813642124,1.3894071337369285,1658.0,0.0,1
1659.6666666666667,0.05298090785170992,10.293198116007735,1661.6666666666667,0.0,1
1741.0,0.04148302348255931,9.126265166163048,1743.0,0.0,1
1586.6666666666667,0.043430620633393834,8.61937725473712,1588.6666666666667,0.000839278220730172,1
1630.3333333333333,0.03193470319773737,6.37828565415938,1633.6666666666667,0.0008161599673536013,1
